{"stats":{"minecraft:mined":{"minecraft:grass_block":4,"minecraft:dirt":2,"minecraft:cobblestone":1,"minecraft:stone":283},"minecraft:killed":{"minecraft:skeleton":25,"minecraft:pillager":44,"minecraft:zombie":9,"minecraft:spider":5,"minecraft:creeper":1},"minecraft:dropped":{"minecraft:dirt":3,"minecraft:iron_sword":1,"minecraft:stone":1,"minecraft:netherite_scrap":2,"minecraft:rotten_flesh":5,"minecraft:stripped_oak_log":1},"minecraft:picked_up":{"minecraft:torch":1,"minecraft:command_block":1,"minecraft:dirt":6,"minecraft:spider_eye":3,"minecraft:string":1,"minecraft:white_banner":2,"minecraft:netherite_scrap":2,"minecraft:bone":20,"minecraft:arrow":28,"minecraft:rotten_flesh":13,"minecraft:oak_button":1,"minecraft:iron_sword":1,"minecraft:cobblestone":348},"minecraft:crafted":{"minecraft:diamond":2,"minecraft:fishing_rod":1,"minecraft:chest":1,"minecraft:netherite_ingot":1,"minecraft:netherite_scrap":2},"minecraft:custom":{"minecraft:time_since_rest":907851,"minecraft:damage_taken":1973,"minecraft:sprint_one_cm":184047,"minecraft:damage_absorbed":354,"minecraft:walk_one_cm":398833,"minecraft:mob_kills":84,"minecraft:interact_with_anvil":15,"minecraft:drop":7,"minecraft:damage_dealt":18783,"minecraft:interact_with_crafting_table":40,"minecraft:fly_one_cm":620048,"minecraft:open_chest":3,"minecraft:crouch_one_cm":6039,"minecraft:play_time":907851,"minecraft:sneak_time":2682,"minecraft:walk_under_water_one_cm":358,"minecraft:jump":2319,"minecraft:leave_game":10,"minecraft:walk_on_water_one_cm":53,"minecraft:time_since_death":907851,"minecraft:total_world_time":907851,"minecraft:damage_resisted":970,"minecraft:fall_one_cm":1680},"minecraft:used":{"minecraft:spider_spawn_egg":4,"minecraft:netherite_sword":12,"minecraft:lever":2,"minecraft:light":10,"minecraft:enchanting_table":1,"minecraft:diamond_boots":1,"minecraft:command_block":26,"minecraft:grass_block":218,"minecraft:oak_button":3,"minecraft:redstone":38,"minecraft:netherite_chestplate":2,"minecraft:iron_pickaxe":34,"minecraft:oak_planks":64,"minecraft:chest":1,"minecraft:stone":2,"minecraft:iron_sword":227,"minecraft:zombie_spawn_egg":9,"minecraft:redstone_block":27,"minecraft:golden_apple":3,"minecraft:gravel":9,"minecraft:fishing_rod":38,"minecraft:netherite_boots":2,"minecraft:cobblestone":10,"minecraft:repeater":19,"minecraft:torch":7,"minecraft:diamond_sword":12,"minecraft:dirt":2,"minecraft:anvil":5,"minecraft:skeleton_spawn_egg":24,"minecraft:netherite_leggings":2,"minecraft:oak_slab":84,"minecraft:crafting_table":13,"minecraft:stripped_oak_wood":1,"minecraft:netherite_pickaxe":270,"minecraft:netherite_helmet":2,"minecraft:stripped_oak_log":9,"minecraft:oak_hanging_sign":25,"minecraft:milk_bucket":2}},"DataVersion":3465}