{"stats":{"minecraft:killed":{"minecraft:spider":3},"minecraft:crafted":{"minecraft:diamond":2,"minecraft:netherite_scrap":2},"minecraft:custom":{"minecraft:time_since_rest":129984,"minecraft:crouch_one_cm":135,"minecraft:sprint_one_cm":21022,"minecraft:play_time":129984,"minecraft:walk_one_cm":27633,"minecraft:sneak_time":101,"minecraft:interact_with_anvil":3,"minecraft:mob_kills":3,"minecraft:drop":2,"minecraft:jump":427,"minecraft:damage_dealt":604,"minecraft:leave_game":3,"minecraft:time_since_death":129984,"minecraft:total_world_time":129984,"minecraft:interact_with_crafting_table":27,"minecraft:fall_one_cm":418,"minecraft:fly_one_cm":89414},"minecraft:picked_up":{"minecraft:netherite_scrap":2,"minecraft:spider_eye":2,"minecraft:string":1},"minecraft:used":{"minecraft:spider_spawn_egg":4,"minecraft:netherite_boots":1,"minecraft:netherite_sword":8,"minecraft:enchanting_table":1,"minecraft:diamond_boots":1,"minecraft:anvil":2,"minecraft:netherite_leggings":1,"minecraft:command_block":1,"minecraft:crafting_table":3,"minecraft:netherite_chestplate":1,"minecraft:netherite_helmet":1,"minecraft:redstone_block":2},"minecraft:dropped":{"minecraft:netherite_scrap":2}},"DataVersion":3465}