{"stats":{"minecraft:killed":{"minecraft:spider":5,"minecraft:creeper":1,"minecraft:skeleton":26,"minecraft:pillager":46,"minecraft:zombie":10,"minecraft:enderman":1},"minecraft:mined":{"minecraft:grass_block":9,"minecraft:tall_grass":5,"minecraft:cobblestone":1,"minecraft:grass":2,"minecraft:dirt":5,"minecraft:stone":283},"minecraft:dropped":{"minecraft:iron_sword":1,"minecraft:cobblestone":128,"minecraft:rotten_flesh":5,"minecraft:stripped_oak_log":1,"minecraft:dirt":9,"minecraft:stone":1,"minecraft:netherite_scrap":2},"minecraft:picked_up":{"minecraft:string":1,"minecraft:dirt":9,"minecraft:white_banner":2,"minecraft:netherite_scrap":2,"minecraft:bone":22,"minecraft:iron_sword":1,"minecraft:torch":1,"minecraft:grass_block":1,"minecraft:spider_eye":3,"minecraft:rotten_flesh":15,"minecraft:arrow":29,"minecraft:command_block":1,"minecraft:oak_button":1,"minecraft:cobblestone":348,"minecraft:ender_pearl":1},"minecraft:crafted":{"minecraft:fishing_rod":1,"minecraft:diamond":2,"minecraft:chest":1,"minecraft:netherite_ingot":1,"minecraft:netherite_scrap":2},"minecraft:custom":{"minecraft:interact_with_anvil":15,"minecraft:mob_kills":89,"minecraft:interact_with_crafting_table":40,"minecraft:leave_game":10,"minecraft:time_since_death":943851,"minecraft:damage_resisted":970,"minecraft:time_since_rest":943851,"minecraft:walk_one_cm":411630,"minecraft:sprint_one_cm":207039,"minecraft:damage_taken":3258,"minecraft:damage_absorbed":686,"minecraft:drop":10,"minecraft:damage_dealt":20043,"minecraft:fly_one_cm":682749,"minecraft:open_chest":3,"minecraft:crouch_one_cm":6963,"minecraft:play_time":943851,"minecraft:sneak_time":3348,"minecraft:walk_under_water_one_cm":358,"minecraft:jump":2643,"minecraft:walk_on_water_one_cm":53,"minecraft:total_world_time":943851,"minecraft:fall_one_cm":13260},"minecraft:used":{"minecraft:spider_spawn_egg":4,"minecraft:netherite_sword":29,"minecraft:enchanting_table":1,"minecraft:diamond_boots":1,"minecraft:redstone":38,"minecraft:netherite_chestplate":4,"minecraft:oak_planks":64,"minecraft:chest":1,"minecraft:stone":2,"minecraft:iron_sword":227,"minecraft:zombie_spawn_egg":9,"minecraft:redstone_block":27,"minecraft:torch":7,"minecraft:golden_apple":14,"minecraft:dirt":2,"minecraft:anvil":5,"minecraft:skeleton_spawn_egg":24,"minecraft:netherite_leggings":2,"minecraft:oak_slab":84,"minecraft:crafting_table":13,"minecraft:netherite_helmet":2,"minecraft:milk_bucket":3,"minecraft:lever":2,"minecraft:light":10,"minecraft:command_block":26,"minecraft:grass_block":231,"minecraft:oak_button":3,"minecraft:iron_pickaxe":34,"minecraft:gravel":9,"minecraft:netherite_boots":2,"minecraft:diamond_sword":12,"minecraft:fishing_rod":38,"minecraft:repeater":19,"minecraft:cobblestone":10,"minecraft:stripped_oak_wood":1,"minecraft:netherite_pickaxe":270,"minecraft:stripped_oak_log":9,"minecraft:oak_hanging_sign":25}},"DataVersion":3465}