{"stats":{"minecraft:custom":{"minecraft:jump":149,"minecraft:time_since_rest":250106,"minecraft:damage_dealt":25,"minecraft:crouch_one_cm":745,"minecraft:leave_game":1,"minecraft:play_time":250106,"minecraft:sprint_one_cm":17872,"minecraft:time_since_death":250106,"minecraft:walk_one_cm":17811,"minecraft:sneak_time":1304,"minecraft:total_world_time":250106,"minecraft:walk_under_water_one_cm":864,"minecraft:fly_one_cm":144914},"minecraft:picked_up":{"canned_goods:mini_fizz":3},"minecraft:used":{"minecraft:cherry_sapling":18,"minecraft:pink_petals":132,"canned_goods:hot_hot_hotpot":1,"canned_goods:reef_cola":1,"canned_goods:opened_canned_dirt":1,"canned_goods:soda":1,"minecraft:redstone_block":4,"minecraft:bone_meal":97,"minecraft:repeating_command_block":1}},"DataVersion":3465}