{"stats":{"minecraft:custom":{"minecraft:time_since_rest":73713,"minecraft:sprint_one_cm":51370,"minecraft:crouch_one_cm":1360,"minecraft:play_time":478106,"minecraft:deaths":2,"minecraft:walk_one_cm":34488,"minecraft:sneak_time":1515,"minecraft:walk_under_water_one_cm":864,"minecraft:mob_kills":13,"minecraft:jump":659,"minecraft:damage_dealt":2915,"minecraft:leave_game":1,"minecraft:time_since_death":73674,"minecraft:total_world_time":478106,"minecraft:fly_one_cm":254726},"minecraft:picked_up":{"minecraft:arrow":3,"minecraft:repeating_command_block":2,"minecraft:redstone_block":2,"minecraft:rotten_flesh":4,"canned_goods:opened_canned_dirt":128,"canned_goods:mini_fizz":3,"minecraft:netherite_axe":2,"minecraft:string":2,"minecraft:bone":4},"minecraft:used":{"minecraft:pink_petals":132,"minecraft:cherry_sapling":18,"canned_goods:reef_cola":1,"canned_goods:opened_canned_dirt":2,"canned_goods:soda":1,"canned_goods:hot_hot_hotpot":1,"minecraft:netherite_axe":32,"minecraft:mycelium":1,"minecraft:repeating_command_block":1,"minecraft:redstone_block":11,"minecraft:bone_meal":97},"minecraft:killed":{"minecraft:skeleton":2,"minecraft:spider":2,"minecraft:pillager":4,"minecraft:zombie":4,"minecraft:pig":1}},"DataVersion":3465}