{"stats":{"minecraft:dropped":{"minecraft:netherite_scrap":2},"minecraft:custom":{"minecraft:time_since_rest":28704,"minecraft:crouch_one_cm":103,"minecraft:play_time":28704,"minecraft:sprint_one_cm":11813,"minecraft:walk_one_cm":14104,"minecraft:sneak_time":91,"minecraft:interact_with_anvil":3,"minecraft:mob_kills":3,"minecraft:drop":2,"minecraft:jump":224,"minecraft:damage_dealt":604,"minecraft:time_since_death":28704,"minecraft:total_world_time":28704,"minecraft:fall_one_cm":418,"minecraft:fly_one_cm":48515},"minecraft:used":{"minecraft:spider_spawn_egg":4,"minecraft:netherite_boots":1,"minecraft:netherite_sword":8,"minecraft:anvil":2,"minecraft:netherite_leggings":1,"minecraft:command_block":1,"minecraft:netherite_chestplate":1,"minecraft:netherite_helmet":1,"minecraft:redstone_block":2},"minecraft:killed":{"minecraft:spider":3},"minecraft:picked_up":{"minecraft:netherite_scrap":2,"minecraft:spider_eye":2,"minecraft:string":1}},"DataVersion":3465}