{"stats":{"minecraft:custom":{"minecraft:time_since_rest":262106,"minecraft:sprint_one_cm":31424,"minecraft:crouch_one_cm":867,"minecraft:play_time":262106,"minecraft:walk_one_cm":22620,"minecraft:sneak_time":1379,"minecraft:walk_under_water_one_cm":864,"minecraft:mob_kills":3,"minecraft:jump":414,"minecraft:damage_dealt":611,"minecraft:leave_game":1,"minecraft:time_since_death":262106,"minecraft:total_world_time":262106,"minecraft:fly_one_cm":200928},"minecraft:picked_up":{"minecraft:rotten_flesh":1,"canned_goods:mini_fizz":3,"minecraft:string":2},"minecraft:used":{"minecraft:pink_petals":132,"minecraft:cherry_sapling":18,"canned_goods:reef_cola":1,"canned_goods:opened_canned_dirt":2,"canned_goods:soda":1,"canned_goods:hot_hot_hotpot":1,"minecraft:netherite_axe":7,"minecraft:repeating_command_block":1,"minecraft:redstone_block":10,"minecraft:bone_meal":97},"minecraft:killed":{"minecraft:spider":2,"minecraft:zombie":1}},"DataVersion":3465}