{"stats":{"minecraft:killed":{"minecraft:spider":3},"minecraft:crafted":{"minecraft:diamond":2,"minecraft:netherite_ingot":1,"minecraft:netherite_scrap":2},"minecraft:custom":{"minecraft:time_since_rest":207984,"minecraft:crouch_one_cm":2013,"minecraft:sprint_one_cm":41398,"minecraft:play_time":207984,"minecraft:walk_one_cm":49466,"minecraft:walk_under_water_one_cm":358,"minecraft:sneak_time":1203,"minecraft:interact_with_anvil":4,"minecraft:mob_kills":3,"minecraft:drop":2,"minecraft:jump":772,"minecraft:damage_dealt":604,"minecraft:leave_game":3,"minecraft:walk_on_water_one_cm":53,"minecraft:time_since_death":207984,"minecraft:total_world_time":207984,"minecraft:interact_with_crafting_table":30,"minecraft:fall_one_cm":418,"minecraft:fly_one_cm":327006},"minecraft:picked_up":{"minecraft:netherite_scrap":2,"minecraft:spider_eye":2,"minecraft:string":1},"minecraft:used":{"minecraft:spider_spawn_egg":4,"minecraft:oak_slab":84,"minecraft:netherite_boots":1,"minecraft:torch":5,"minecraft:netherite_sword":8,"minecraft:enchanting_table":1,"minecraft:diamond_boots":1,"minecraft:anvil":2,"minecraft:netherite_leggings":1,"minecraft:command_block":1,"minecraft:crafting_table":4,"minecraft:stripped_oak_wood":1,"minecraft:grass_block":212,"minecraft:netherite_chestplate":1,"minecraft:oak_planks":18,"minecraft:netherite_helmet":1,"minecraft:stripped_oak_log":8,"minecraft:redstone_block":2},"minecraft:dropped":{"minecraft:netherite_scrap":2}},"DataVersion":3465}