{"stats":{"minecraft:custom":{"minecraft:jump":120,"minecraft:time_since_rest":96717,"minecraft:damage_dealt":25,"minecraft:crouch_one_cm":649,"minecraft:play_time":96717,"minecraft:sprint_one_cm":17128,"minecraft:time_since_death":96717,"minecraft:walk_one_cm":14237,"minecraft:sneak_time":1278,"minecraft:total_world_time":96717,"minecraft:walk_under_water_one_cm":864,"minecraft:fly_one_cm":142292},"minecraft:picked_up":{"canned_goods:mini_fizz":3},"minecraft:used":{"minecraft:cherry_sapling":18,"canned_goods:hot_hot_hotpot":1,"minecraft:pink_petals":132,"canned_goods:reef_cola":1,"canned_goods:opened_canned_dirt":1,"canned_goods:soda":1,"minecraft:bone_meal":97}},"DataVersion":3465}