{"stats":{"minecraft:custom":{"minecraft:time_since_rest":286263,"minecraft:walk_one_cm":67619,"minecraft:sprint_one_cm":72755,"minecraft:damage_absorbed":40,"minecraft:damage_taken":738,"minecraft:mob_kills":30,"minecraft:damage_dealt":6211,"minecraft:fly_one_cm":318371,"minecraft:crouch_one_cm":1650,"minecraft:play_time":795319,"minecraft:deaths":4,"minecraft:sneak_time":1740,"minecraft:walk_under_water_one_cm":886,"minecraft:jump":900,"minecraft:walk_on_water_one_cm":1851,"minecraft:leave_game":2,"minecraft:time_since_death":286227,"minecraft:total_world_time":795319,"minecraft:fall_one_cm":3543},"minecraft:picked_up":{"minecraft:netherite_boots":4,"minecraft:redstone_block":4,"minecraft:gunpowder":1,"minecraft:netherite_leggings":5,"minecraft:string":2,"minecraft:zombie_spawn_egg":2,"minecraft:arrow":3,"minecraft:mycelium":128,"minecraft:skeleton_spawn_egg":2,"minecraft:bone":4,"minecraft:repeating_command_block":3,"minecraft:rotten_flesh":18,"minecraft:netherite_helmet":4,"canned_goods:opened_canned_dirt":256,"canned_goods:mini_fizz":3,"minecraft:netherite_axe":4,"minecraft:poppy":3,"minecraft:netherite_chestplate":5},"minecraft:used":{"minecraft:cherry_sapling":18,"canned_goods:opened_canned_dirt":2,"minecraft:netherite_chestplate":2,"minecraft:netherite_axe":73,"minecraft:mycelium":1,"minecraft:zombie_spawn_egg":2,"minecraft:redstone_block":11,"canned_goods:reef_cola":1,"minecraft:pink_petals":132,"minecraft:rotten_flesh":2,"minecraft:golden_apple":1,"minecraft:netherite_boots":1,"canned_goods:soda":1,"minecraft:skeleton_spawn_egg":1,"minecraft:netherite_leggings":2,"canned_goods:hot_hot_hotpot":1,"minecraft:netherite_helmet":1,"minecraft:repeating_command_block":1,"minecraft:bone_meal":97},"minecraft:killed_by":{"minecraft:pillager":2},"minecraft:killed":{"minecraft:skeleton":3,"minecraft:pillager":11,"minecraft:zombie":10,"minecraft:pig":1,"minecraft:spider":2,"minecraft:creeper":3},"minecraft:mined":{"minecraft:grass":1,"minecraft:poppy":1}},"DataVersion":3465}