{"stats":{"minecraft:used":{"minecraft:netherite_chestplate":1,"minecraft:netherite_boots":1,"minecraft:netherite_helmet":1,"minecraft:netherite_sword":8,"minecraft:anvil":1,"minecraft:netherite_leggings":1,"minecraft:spider_spawn_egg":4},"minecraft:custom":{"minecraft:jump":128,"minecraft:time_since_rest":16704,"minecraft:damage_dealt":604,"minecraft:sprint_one_cm":6977,"minecraft:play_time":16704,"minecraft:time_since_death":16704,"minecraft:walk_one_cm":9978,"minecraft:sneak_time":23,"minecraft:total_world_time":16704,"minecraft:mob_kills":3,"minecraft:interact_with_anvil":2,"minecraft:fall_one_cm":418,"minecraft:fly_one_cm":19903},"minecraft:killed":{"minecraft:spider":3},"minecraft:picked_up":{"minecraft:spider_eye":2,"minecraft:string":1}},"DataVersion":3465}