{"stats":{"minecraft:crafted":{"minecraft:diamond":2,"minecraft:fishing_rod":1,"minecraft:chest":1,"minecraft:netherite_ingot":1,"minecraft:netherite_scrap":2},"minecraft:killed":{"minecraft:skeleton":25,"minecraft:pillager":44,"minecraft:zombie":9,"minecraft:spider":4},"minecraft:custom":{"minecraft:time_since_rest":879293,"minecraft:sprint_one_cm":172982,"minecraft:damage_absorbed":354,"minecraft:damage_taken":1883,"minecraft:walk_one_cm":385466,"minecraft:mob_kills":82,"minecraft:interact_with_anvil":15,"minecraft:drop":7,"minecraft:damage_dealt":18403,"minecraft:interact_with_crafting_table":40,"minecraft:fly_one_cm":512519,"minecraft:open_chest":1,"minecraft:crouch_one_cm":5508,"minecraft:play_time":879293,"minecraft:sneak_time":2242,"minecraft:walk_under_water_one_cm":358,"minecraft:jump":2170,"minecraft:leave_game":10,"minecraft:walk_on_water_one_cm":53,"minecraft:time_since_death":879293,"minecraft:total_world_time":879293,"minecraft:damage_resisted":970,"minecraft:fall_one_cm":1262},"minecraft:picked_up":{"minecraft:torch":1,"minecraft:dirt":6,"minecraft:spider_eye":2,"minecraft:string":1,"minecraft:white_banner":2,"minecraft:netherite_scrap":2,"minecraft:bone":20,"minecraft:arrow":28,"minecraft:rotten_flesh":11,"minecraft:oak_button":1,"minecraft:iron_sword":1,"minecraft:cobblestone":284},"minecraft:mined":{"minecraft:grass_block":4,"minecraft:dirt":2,"minecraft:cobblestone":1,"minecraft:stone":283},"minecraft:dropped":{"minecraft:iron_sword":1,"minecraft:dirt":3,"minecraft:stone":1,"minecraft:netherite_scrap":2,"minecraft:rotten_flesh":5,"minecraft:stripped_oak_log":1},"minecraft:used":{"minecraft:spider_spawn_egg":4,"minecraft:netherite_sword":8,"minecraft:lever":2,"minecraft:light":10,"minecraft:enchanting_table":1,"minecraft:diamond_boots":1,"minecraft:command_block":26,"minecraft:grass_block":218,"minecraft:oak_button":3,"minecraft:redstone":38,"minecraft:netherite_chestplate":1,"minecraft:iron_pickaxe":34,"minecraft:oak_planks":64,"minecraft:chest":1,"minecraft:stone":2,"minecraft:iron_sword":227,"minecraft:zombie_spawn_egg":9,"minecraft:redstone_block":27,"minecraft:gravel":9,"minecraft:dirt":2,"minecraft:fishing_rod":38,"minecraft:netherite_boots":1,"minecraft:cobblestone":10,"minecraft:torch":7,"minecraft:repeater":19,"minecraft:diamond_sword":12,"minecraft:anvil":5,"minecraft:skeleton_spawn_egg":24,"minecraft:netherite_leggings":1,"minecraft:oak_slab":84,"minecraft:crafting_table":13,"minecraft:stripped_oak_wood":1,"minecraft:netherite_pickaxe":270,"minecraft:netherite_helmet":1,"minecraft:stripped_oak_log":9,"minecraft:oak_hanging_sign":25,"minecraft:milk_bucket":2}},"DataVersion":3465}