{"stats":{"minecraft:custom":{"minecraft:time_since_rest":31713,"minecraft:sprint_one_cm":42127,"minecraft:crouch_one_cm":1144,"minecraft:play_time":436106,"minecraft:deaths":2,"minecraft:walk_one_cm":27921,"minecraft:sneak_time":1454,"minecraft:walk_under_water_one_cm":864,"minecraft:mob_kills":4,"minecraft:jump":533,"minecraft:damage_dealt":716,"minecraft:leave_game":1,"minecraft:time_since_death":31674,"minecraft:total_world_time":436106,"minecraft:fly_one_cm":230582},"minecraft:picked_up":{"minecraft:repeating_command_block":2,"minecraft:redstone_block":2,"minecraft:rotten_flesh":3,"canned_goods:opened_canned_dirt":128,"canned_goods:mini_fizz":3,"minecraft:netherite_axe":2,"minecraft:string":2},"minecraft:used":{"minecraft:pink_petals":132,"minecraft:cherry_sapling":18,"canned_goods:reef_cola":1,"canned_goods:opened_canned_dirt":2,"canned_goods:soda":1,"canned_goods:hot_hot_hotpot":1,"minecraft:netherite_axe":9,"minecraft:mycelium":1,"minecraft:repeating_command_block":1,"minecraft:redstone_block":10,"minecraft:bone_meal":97},"minecraft:killed":{"minecraft:spider":2,"minecraft:zombie":1,"minecraft:pig":1}},"DataVersion":3465}