{"stats":{"minecraft:killed":{"minecraft:skeleton":3,"minecraft:spider":4},"minecraft:crafted":{"minecraft:diamond":2,"minecraft:fishing_rod":1,"minecraft:chest":1,"minecraft:netherite_ingot":1,"minecraft:netherite_scrap":2},"minecraft:mined":{"minecraft:stone":270},"minecraft:custom":{"minecraft:time_since_rest":660026,"minecraft:sprint_one_cm":110702,"minecraft:damage_taken":150,"minecraft:walk_one_cm":224310,"minecraft:interact_with_anvil":14,"minecraft:mob_kills":7,"minecraft:drop":3,"minecraft:damage_dealt":1483,"minecraft:fly_one_cm":456148,"minecraft:interact_with_crafting_table":39,"minecraft:open_chest":1,"minecraft:crouch_one_cm":5055,"minecraft:play_time":660026,"minecraft:sneak_time":2097,"minecraft:walk_under_water_one_cm":358,"minecraft:jump":1311,"minecraft:leave_game":5,"minecraft:walk_on_water_one_cm":53,"minecraft:time_since_death":660026,"minecraft:total_world_time":660026,"minecraft:fall_one_cm":418},"minecraft:picked_up":{"minecraft:torch":1,"minecraft:spider_eye":2,"minecraft:string":1,"minecraft:netherite_scrap":2,"minecraft:bone":3,"minecraft:arrow":2,"minecraft:oak_button":1,"minecraft:cobblestone":270},"minecraft:used":{"minecraft:spider_spawn_egg":4,"minecraft:netherite_sword":8,"minecraft:lever":2,"minecraft:light":10,"minecraft:enchanting_table":1,"minecraft:diamond_boots":1,"minecraft:command_block":24,"minecraft:grass_block":214,"minecraft:netherite_chestplate":1,"minecraft:redstone":38,"minecraft:oak_button":3,"minecraft:oak_planks":64,"minecraft:chest":1,"minecraft:redstone_block":27,"minecraft:gravel":9,"minecraft:netherite_boots":1,"minecraft:torch":7,"minecraft:fishing_rod":38,"minecraft:diamond_sword":12,"minecraft:repeater":19,"minecraft:cobblestone":8,"minecraft:anvil":5,"minecraft:skeleton_spawn_egg":2,"minecraft:netherite_leggings":1,"minecraft:oak_slab":84,"minecraft:crafting_table":9,"minecraft:stripped_oak_wood":1,"minecraft:netherite_pickaxe":270,"minecraft:netherite_helmet":1,"minecraft:stripped_oak_log":9,"minecraft:oak_hanging_sign":25},"minecraft:dropped":{"minecraft:netherite_scrap":2,"minecraft:stripped_oak_log":1}},"DataVersion":3465}