{"stats":{"minecraft:custom":{"minecraft:time_since_rest":97713,"minecraft:sprint_one_cm":59930,"minecraft:damage_taken":130,"minecraft:walk_one_cm":53793,"minecraft:mob_kills":24,"minecraft:damage_dealt":4892,"minecraft:fly_one_cm":279625,"minecraft:crouch_one_cm":1650,"minecraft:play_time":502106,"minecraft:deaths":2,"minecraft:sneak_time":1634,"minecraft:walk_under_water_one_cm":864,"minecraft:jump":758,"minecraft:leave_game":1,"minecraft:time_since_death":97674,"minecraft:total_world_time":502106,"minecraft:fall_one_cm":476},"minecraft:picked_up":{"minecraft:redstone_block":2,"minecraft:gunpowder":1,"minecraft:string":2,"minecraft:bone":4,"minecraft:repeating_command_block":2,"minecraft:arrow":3,"minecraft:rotten_flesh":6,"canned_goods:opened_canned_dirt":128,"canned_goods:mini_fizz":3,"minecraft:netherite_axe":2,"minecraft:poppy":1},"minecraft:used":{"minecraft:cherry_sapling":18,"canned_goods:opened_canned_dirt":2,"minecraft:netherite_chestplate":1,"minecraft:netherite_axe":58,"minecraft:mycelium":1,"minecraft:zombie_spawn_egg":2,"minecraft:redstone_block":11,"minecraft:netherite_boots":1,"minecraft:pink_petals":132,"canned_goods:reef_cola":1,"canned_goods:soda":1,"minecraft:skeleton_spawn_egg":1,"minecraft:netherite_leggings":1,"canned_goods:hot_hot_hotpot":1,"minecraft:netherite_helmet":1,"minecraft:repeating_command_block":1,"minecraft:bone_meal":97},"minecraft:killed":{"minecraft:skeleton":3,"minecraft:pillager":9,"minecraft:zombie":8,"minecraft:pig":1,"minecraft:spider":2,"minecraft:creeper":1},"minecraft:mined":{"minecraft:poppy":1}},"DataVersion":3465}