{"stats":{"minecraft:killed":{"minecraft:spider":3},"minecraft:crafted":{"minecraft:diamond":2,"minecraft:netherite_scrap":2},"minecraft:custom":{"minecraft:time_since_rest":74878,"minecraft:crouch_one_cm":135,"minecraft:sprint_one_cm":17047,"minecraft:play_time":74878,"minecraft:walk_one_cm":21832,"minecraft:sneak_time":96,"minecraft:interact_with_anvil":3,"minecraft:mob_kills":3,"minecraft:drop":2,"minecraft:jump":333,"minecraft:damage_dealt":604,"minecraft:leave_game":3,"minecraft:time_since_death":74878,"minecraft:total_world_time":74878,"minecraft:interact_with_crafting_table":11,"minecraft:fall_one_cm":418,"minecraft:fly_one_cm":68374},"minecraft:picked_up":{"minecraft:netherite_scrap":2,"minecraft:spider_eye":2,"minecraft:string":1},"minecraft:used":{"minecraft:spider_spawn_egg":4,"minecraft:netherite_boots":1,"minecraft:netherite_sword":8,"minecraft:anvil":2,"minecraft:netherite_leggings":1,"minecraft:command_block":1,"minecraft:crafting_table":1,"minecraft:netherite_chestplate":1,"minecraft:netherite_helmet":1,"minecraft:redstone_block":2},"minecraft:dropped":{"minecraft:netherite_scrap":2}},"DataVersion":3465}