{"stats":{"minecraft:mined":{"minecraft:stone":270},"minecraft:crafted":{"minecraft:diamond":2,"minecraft:fishing_rod":1,"minecraft:netherite_ingot":1,"minecraft:netherite_scrap":2},"minecraft:custom":{"minecraft:time_since_rest":538481,"minecraft:sprint_one_cm":101453,"minecraft:damage_taken":150,"minecraft:walk_one_cm":198753,"minecraft:interact_with_anvil":13,"minecraft:mob_kills":5,"minecraft:drop":2,"minecraft:damage_dealt":1003,"minecraft:fly_one_cm":435195,"minecraft:interact_with_crafting_table":32,"minecraft:crouch_one_cm":4552,"minecraft:play_time":538481,"minecraft:sneak_time":1784,"minecraft:walk_under_water_one_cm":358,"minecraft:jump":1216,"minecraft:leave_game":5,"minecraft:walk_on_water_one_cm":53,"minecraft:time_since_death":538481,"minecraft:total_world_time":538481,"minecraft:fall_one_cm":418},"minecraft:picked_up":{"minecraft:torch":1,"minecraft:spider_eye":2,"minecraft:string":1,"minecraft:netherite_scrap":2,"minecraft:arrow":1,"minecraft:oak_button":1,"minecraft:cobblestone":270},"minecraft:used":{"minecraft:spider_spawn_egg":4,"minecraft:lever":2,"minecraft:netherite_sword":8,"minecraft:enchanting_table":1,"minecraft:diamond_boots":1,"minecraft:command_block":24,"minecraft:grass_block":214,"minecraft:oak_button":3,"minecraft:redstone":38,"minecraft:netherite_chestplate":1,"minecraft:oak_planks":18,"minecraft:redstone_block":27,"minecraft:gravel":9,"minecraft:netherite_boots":1,"minecraft:torch":6,"minecraft:fishing_rod":38,"minecraft:diamond_sword":6,"minecraft:repeater":19,"minecraft:anvil":4,"minecraft:cobblestone":8,"minecraft:netherite_leggings":1,"minecraft:oak_slab":84,"minecraft:crafting_table":5,"minecraft:stripped_oak_wood":1,"minecraft:netherite_pickaxe":270,"minecraft:netherite_helmet":1,"minecraft:stripped_oak_log":9,"minecraft:oak_hanging_sign":25},"minecraft:killed":{"minecraft:skeleton":1,"minecraft:spider":4},"minecraft:dropped":{"minecraft:netherite_scrap":2}},"DataVersion":3465}