{"stats":{"minecraft:custom":{"minecraft:time_since_rest":12034,"minecraft:sprint_one_cm":38710,"minecraft:crouch_one_cm":1069,"minecraft:play_time":382106,"minecraft:deaths":1,"minecraft:walk_one_cm":26523,"minecraft:sneak_time":1423,"minecraft:walk_under_water_one_cm":864,"minecraft:mob_kills":4,"minecraft:jump":516,"minecraft:damage_dealt":716,"minecraft:leave_game":1,"minecraft:time_since_death":11958,"minecraft:total_world_time":382106,"minecraft:fly_one_cm":226356},"minecraft:picked_up":{"minecraft:repeating_command_block":1,"minecraft:redstone_block":1,"minecraft:rotten_flesh":2,"canned_goods:opened_canned_dirt":64,"canned_goods:mini_fizz":3,"minecraft:netherite_axe":1,"minecraft:string":2},"minecraft:used":{"minecraft:pink_petals":132,"minecraft:cherry_sapling":18,"canned_goods:reef_cola":1,"canned_goods:opened_canned_dirt":2,"canned_goods:soda":1,"canned_goods:hot_hot_hotpot":1,"minecraft:netherite_axe":9,"minecraft:repeating_command_block":1,"minecraft:redstone_block":10,"minecraft:bone_meal":97},"minecraft:killed":{"minecraft:spider":2,"minecraft:zombie":1,"minecraft:pig":1}},"DataVersion":3465}