{"stats":{"minecraft:killed":{"minecraft:skeleton":1,"minecraft:spider":4},"minecraft:crafted":{"minecraft:diamond":2,"minecraft:fishing_rod":1,"minecraft:netherite_ingot":1,"minecraft:netherite_scrap":2},"minecraft:mined":{"minecraft:stone":270},"minecraft:custom":{"minecraft:time_since_rest":489984,"minecraft:sprint_one_cm":65989,"minecraft:walk_one_cm":120206,"minecraft:mob_kills":5,"minecraft:interact_with_anvil":6,"minecraft:drop":2,"minecraft:damage_dealt":1003,"minecraft:interact_with_crafting_table":32,"minecraft:fly_one_cm":403310,"minecraft:crouch_one_cm":3743,"minecraft:play_time":489984,"minecraft:sneak_time":1589,"minecraft:walk_under_water_one_cm":358,"minecraft:jump":1024,"minecraft:leave_game":3,"minecraft:time_since_death":489984,"minecraft:walk_on_water_one_cm":53,"minecraft:total_world_time":489984,"minecraft:fall_one_cm":418},"minecraft:picked_up":{"minecraft:torch":1,"minecraft:spider_eye":2,"minecraft:string":1,"minecraft:netherite_scrap":2,"minecraft:arrow":1,"minecraft:cobblestone":270},"minecraft:used":{"minecraft:spider_spawn_egg":4,"minecraft:netherite_sword":8,"minecraft:enchanting_table":1,"minecraft:diamond_boots":1,"minecraft:command_block":4,"minecraft:grass_block":214,"minecraft:netherite_chestplate":1,"minecraft:oak_planks":18,"minecraft:redstone_block":2,"minecraft:gravel":9,"minecraft:netherite_boots":1,"minecraft:torch":6,"minecraft:fishing_rod":34,"minecraft:diamond_sword":6,"minecraft:cobblestone":8,"minecraft:anvil":3,"minecraft:netherite_leggings":1,"minecraft:oak_slab":84,"minecraft:crafting_table":5,"minecraft:stripped_oak_wood":1,"minecraft:netherite_pickaxe":270,"minecraft:netherite_helmet":1,"minecraft:stripped_oak_log":8,"minecraft:oak_hanging_sign":25},"minecraft:dropped":{"minecraft:netherite_scrap":2}},"DataVersion":3465}