{"stats":{"minecraft:picked_up":{"minecraft:arrow":2,"minecraft:bone":2},"minecraft:custom":{"minecraft:jump":173,"minecraft:time_since_rest":16005,"minecraft:damage_dealt":700,"minecraft:crouch_one_cm":303,"minecraft:sprint_one_cm":9568,"minecraft:play_time":16005,"minecraft:time_since_death":16005,"minecraft:walk_one_cm":5782,"minecraft:sneak_time":111,"minecraft:total_world_time":16005,"minecraft:mob_kills":3,"minecraft:fly_one_cm":44652},"minecraft:killed":{"minecraft:skeleton":1,"minecraft:pillager":2},"minecraft:used":{"minecraft:netherite_sword":9}},"DataVersion":3465}