{"stats":{"minecraft:picked_up":{"minecraft:redstone_block":1,"minecraft:bone":2,"minecraft:arrow":2,"minecraft:command_block":1,"minecraft:rotten_flesh":7,"minecraft:netherite_sword":1,"minecraft:redstone":64},"minecraft:killed_by":{"minecraft:zombie":4},"minecraft:custom":{"minecraft:time_since_rest":69156,"minecraft:deaths":4,"minecraft:crouch_one_cm":1819,"minecraft:play_time":412005,"minecraft:sprint_one_cm":55325,"minecraft:walk_one_cm":78612,"minecraft:damage_taken":872,"minecraft:sneak_time":531,"minecraft:mob_kills":7,"minecraft:jump":746,"minecraft:damage_dealt":1578,"minecraft:time_since_death":68934,"minecraft:total_world_time":412005,"minecraft:fall_one_cm":2321,"minecraft:fly_one_cm":140544},"minecraft:killed":{"minecraft:skeleton":1,"minecraft:pillager":2,"minecraft:zombie":4},"minecraft:used":{"minecraft:golden_apple":1,"minecraft:netherite_boots":1,"minecraft:netherite_sword":20,"minecraft:netherite_leggings":1,"minecraft:command_block":9,"minecraft:redstone":3,"minecraft:baked_potato":7,"minecraft:netherite_helmet":1,"minecraft:zombie_spawn_egg":3,"minecraft:redstone_block":3}},"DataVersion":3465}