{"stats":{"minecraft:picked_up":{"minecraft:redstone_block":1,"minecraft:bone":2,"minecraft:arrow":2,"minecraft:command_block":1,"minecraft:rotten_flesh":7,"minecraft:netherite_sword":1,"minecraft:redstone":64},"minecraft:killed_by":{"minecraft:zombie":4},"minecraft:custom":{"minecraft:time_since_rest":45156,"minecraft:deaths":4,"minecraft:crouch_one_cm":1120,"minecraft:play_time":388005,"minecraft:sprint_one_cm":48637,"minecraft:walk_one_cm":68284,"minecraft:damage_taken":872,"minecraft:sneak_time":418,"minecraft:mob_kills":7,"minecraft:jump":656,"minecraft:damage_dealt":1578,"minecraft:time_since_death":44934,"minecraft:total_world_time":388005,"minecraft:fall_one_cm":2110,"minecraft:fly_one_cm":134251},"minecraft:killed":{"minecraft:skeleton":1,"minecraft:pillager":2,"minecraft:zombie":4},"minecraft:used":{"minecraft:golden_apple":1,"minecraft:netherite_boots":1,"minecraft:netherite_sword":20,"minecraft:netherite_leggings":1,"minecraft:command_block":2,"minecraft:redstone":3,"minecraft:baked_potato":7,"minecraft:netherite_helmet":1,"minecraft:zombie_spawn_egg":3,"minecraft:redstone_block":3}},"DataVersion":3465}