{"stats":{"minecraft:killed":{"minecraft:skeleton":1,"minecraft:trader_llama":2,"minecraft:pillager":2,"minecraft:zombie":4,"minecraft:wandering_trader":1},"minecraft:custom":{"minecraft:time_since_rest":651,"minecraft:interact_with_furnace":9,"minecraft:sprint_one_cm":108146,"minecraft:damage_taken":872,"minecraft:walk_one_cm":166086,"minecraft:mob_kills":10,"minecraft:drop":1,"minecraft:damage_dealt":2178,"minecraft:talked_to_villager":1,"minecraft:fly_one_cm":588838,"minecraft:crouch_one_cm":19585,"minecraft:play_time":939958,"minecraft:deaths":16,"minecraft:sneak_time":9874,"minecraft:jump":1801,"minecraft:leave_game":3,"minecraft:time_since_death":647,"minecraft:total_world_time":939958,"minecraft:fall_one_cm":2321},"minecraft:picked_up":{"minecraft:polished_deepslate_slab":4,"minecraft:barrier":5,"minecraft:netherite_boots":11,"minecraft:redstone_block":331,"minecraft:daylight_detector":320,"minecraft:redstone_lamp":5,"minecraft:leather":18,"minecraft:lead":12,"minecraft:cobbled_deepslate_stairs":320,"minecraft:redstone":385,"minecraft:netherite_leggings":11,"minecraft:zombie_spawn_egg":10,"minecraft:arrow":2,"minecraft:bone":2,"minecraft:command_block":11,"minecraft:rotten_flesh":27,"minecraft:cobbled_deepslate":320,"minecraft:deepslate":256,"minecraft:cobbled_deepslate_slab":256,"minecraft:netherite_helmet":10,"minecraft:cobbled_deepslate_wall":5,"minecraft:comparator":8,"minecraft:netherite_sword":21,"minecraft:deepslate_bricks":320,"minecraft:golden_apple":630,"minecraft:terracotta":4,"minecraft:baked_potato":570,"minecraft:cobblestone":192,"minecraft:furnace":4},"minecraft:dropped":{"minecraft:redstone":1},"minecraft:killed_by":{"minecraft:zombie":4},"minecraft:used":{"minecraft:cobbled_deepslate_wall":11,"minecraft:netherite_sword":29,"minecraft:daylight_detector":4,"minecraft:command_block":18,"minecraft:redstone":18,"minecraft:barrier":442,"minecraft:baked_potato":7,"minecraft:zombie_spawn_egg":3,"minecraft:redstone_block":7,"minecraft:deepslate":9,"minecraft:deepslate_bricks":62,"minecraft:netherite_boots":1,"minecraft:golden_apple":1,"minecraft:polished_deepslate_slab":20,"minecraft:terracotta":30,"minecraft:comparator":6,"minecraft:netherite_leggings":1,"minecraft:cobbled_deepslate_slab":62,"minecraft:furnace":5,"minecraft:netherite_helmet":1}},"DataVersion":3465}