{"stats":{"minecraft:picked_up":{"minecraft:netherite_boots":6,"minecraft:redstone_block":6,"minecraft:leather":3,"minecraft:lead":2,"minecraft:redstone":64,"minecraft:netherite_leggings":6,"minecraft:zombie_spawn_egg":5,"minecraft:arrow":2,"minecraft:bone":2,"minecraft:command_block":6,"minecraft:rotten_flesh":17,"minecraft:netherite_helmet":6,"minecraft:netherite_sword":11,"minecraft:golden_apple":315,"minecraft:baked_potato":285},"minecraft:killed_by":{"minecraft:zombie":4},"minecraft:custom":{"minecraft:time_since_rest":192946,"minecraft:interact_with_furnace":4,"minecraft:sprint_one_cm":71066,"minecraft:damage_taken":872,"minecraft:walk_one_cm":126159,"minecraft:mob_kills":10,"minecraft:damage_dealt":2178,"minecraft:talked_to_villager":1,"minecraft:fly_one_cm":323161,"minecraft:crouch_one_cm":16723,"minecraft:play_time":622005,"minecraft:deaths":10,"minecraft:sneak_time":7440,"minecraft:jump":1131,"minecraft:time_since_death":192943,"minecraft:total_world_time":622005,"minecraft:fall_one_cm":2321},"minecraft:killed":{"minecraft:skeleton":1,"minecraft:trader_llama":2,"minecraft:pillager":2,"minecraft:zombie":4,"minecraft:wandering_trader":1},"minecraft:used":{"minecraft:cobbled_deepslate_wall":8,"minecraft:netherite_sword":29,"minecraft:daylight_detector":1,"minecraft:command_block":12,"minecraft:redstone":9,"minecraft:barrier":442,"minecraft:baked_potato":7,"minecraft:zombie_spawn_egg":3,"minecraft:redstone_block":7,"minecraft:deepslate":9,"minecraft:deepslate_bricks":62,"minecraft:netherite_boots":1,"minecraft:polished_deepslate_slab":19,"minecraft:golden_apple":1,"minecraft:terracotta":30,"minecraft:comparator":2,"minecraft:netherite_leggings":1,"minecraft:cobbled_deepslate_slab":55,"minecraft:furnace":1,"minecraft:netherite_helmet":1}},"DataVersion":3465}