{"stats":{"minecraft:picked_up":{"minecraft:netherite_boots":3,"minecraft:redstone_block":3,"minecraft:bone":2,"minecraft:arrow":2,"minecraft:command_block":3,"minecraft:rotten_flesh":11,"minecraft:netherite_helmet":3,"minecraft:netherite_sword":5,"minecraft:golden_apple":126,"minecraft:baked_potato":114,"minecraft:redstone":64,"minecraft:netherite_leggings":3,"minecraft:zombie_spawn_egg":2},"minecraft:killed_by":{"minecraft:zombie":4},"minecraft:custom":{"minecraft:time_since_rest":5397,"minecraft:deaths":7,"minecraft:crouch_one_cm":1941,"minecraft:play_time":424005,"minecraft:sprint_one_cm":56313,"minecraft:walk_one_cm":84074,"minecraft:damage_taken":872,"minecraft:sneak_time":819,"minecraft:mob_kills":7,"minecraft:jump":762,"minecraft:damage_dealt":1578,"minecraft:time_since_death":5393,"minecraft:total_world_time":424005,"minecraft:fall_one_cm":2321,"minecraft:fly_one_cm":145516},"minecraft:killed":{"minecraft:skeleton":1,"minecraft:pillager":2,"minecraft:zombie":4},"minecraft:used":{"minecraft:golden_apple":1,"minecraft:netherite_boots":1,"minecraft:netherite_sword":20,"minecraft:netherite_leggings":1,"minecraft:command_block":10,"minecraft:redstone":3,"minecraft:baked_potato":7,"minecraft:netherite_helmet":1,"minecraft:zombie_spawn_egg":3,"minecraft:redstone_block":4}},"DataVersion":3465}