{"stats":{"minecraft:picked_up":{"minecraft:arrow":2,"minecraft:bone":2,"minecraft:rotten_flesh":1},"minecraft:custom":{"minecraft:jump":395,"minecraft:time_since_rest":118005,"minecraft:damage_dealt":920,"minecraft:crouch_one_cm":1120,"minecraft:sprint_one_cm":34303,"minecraft:play_time":118005,"minecraft:time_since_death":118005,"minecraft:walk_one_cm":28966,"minecraft:sneak_time":417,"minecraft:total_world_time":118005,"minecraft:mob_kills":4,"minecraft:fly_one_cm":102107},"minecraft:killed":{"minecraft:skeleton":1,"minecraft:pillager":2,"minecraft:zombie":1},"minecraft:used":{"minecraft:redstone":3,"minecraft:netherite_sword":12,"minecraft:redstone_block":3,"minecraft:zombie_spawn_egg":1,"minecraft:command_block":2}},"DataVersion":3465}