{"stats":{"minecraft:picked_up":{"minecraft:netherite_boots":6,"minecraft:redstone_block":6,"minecraft:bone":2,"minecraft:arrow":2,"minecraft:command_block":6,"minecraft:rotten_flesh":17,"minecraft:leather":3,"minecraft:netherite_helmet":6,"minecraft:lead":2,"minecraft:netherite_sword":11,"minecraft:golden_apple":315,"minecraft:baked_potato":285,"minecraft:redstone":64,"minecraft:netherite_leggings":6,"minecraft:zombie_spawn_egg":5},"minecraft:killed_by":{"minecraft:zombie":4},"minecraft:custom":{"minecraft:time_since_rest":6946,"minecraft:deaths":10,"minecraft:crouch_one_cm":2409,"minecraft:play_time":436005,"minecraft:sprint_one_cm":64352,"minecraft:walk_one_cm":94296,"minecraft:damage_taken":872,"minecraft:sneak_time":1419,"minecraft:mob_kills":10,"minecraft:jump":878,"minecraft:damage_dealt":2178,"minecraft:time_since_death":6943,"minecraft:total_world_time":436005,"minecraft:talked_to_villager":1,"minecraft:fall_one_cm":2321,"minecraft:fly_one_cm":186935},"minecraft:killed":{"minecraft:skeleton":1,"minecraft:pillager":2,"minecraft:wandering_trader":1,"minecraft:zombie":4,"minecraft:trader_llama":2},"minecraft:used":{"minecraft:golden_apple":1,"minecraft:netherite_boots":1,"minecraft:netherite_sword":29,"minecraft:netherite_leggings":1,"minecraft:command_block":10,"minecraft:redstone":3,"minecraft:baked_potato":7,"minecraft:netherite_helmet":1,"minecraft:zombie_spawn_egg":3,"minecraft:redstone_block":4}},"DataVersion":3465}